name,acn,role,date,state,abn,status,stem,in_stack,stack_has_bidco,is_bidco
AURUM GP2 BIDCO PTY LTD,702293258,BIDCO,11/09/2026,,True,REGD,AURUM GP2,True,True,True
AURUM GP2 HOLDCO PTY LTD,702291629,HOLDCO,11/09/2026,,True,REGD,AURUM GP2,True,True,False
NXG HOLDCO PTY LTD,702288300,HOLDCO,11/09/2026,,True,REGD,NXG,False,False,False
WATERLOO AUS FINCO PTY LTD,702287241,FINCO,11/09/2026,,True,REGD,WATERLOO,True,False,False
WATERLOO AUS MIDCO PTY LTD,702287090,MIDCO,11/09/2026,,True,REGD,WATERLOO,True,False,False
WATERLOO AUS HOLDCO PTY LTD,702286762,HOLDCO,11/09/2026,,True,REGD,WATERLOO,True,False,False
WATERLOO AUS TOPCO PTY LTD,702286280,TOPCO,11/09/2026,,True,REGD,WATERLOO,True,False,False
OA GP2 BIDCO PTY LTD,702284839,BIDCO,11/09/2026,,True,REGD,OA GP2,True,True,True
AURORA AUS BIDCO PTY LTD,702282933,BIDCO,11/09/2026,,True,REGD,AURORA,True,True,True
AURORA AUS NEWCO PTY LTD,702281445,NEWCO,11/09/2026,,True,REGD,AURORA,True,True,False
OA GP2 HOLDCO PTY LTD,702279883,HOLDCO,11/09/2026,,True,REGD,OA GP2,True,True,False
ARTEMIS ADVISORY HOLDCO PTY LTD,702277861,HOLDCO,11/09/2026,,True,REGD,ARTEMIS ADVISORY,False,False,False
MIDCO ACCOUNTING PTY LTD,702208277,MIDCO,09/09/2026,,True,REGD,ACCOUNTING,False,False,False
BRUSHY CREEK HOLDCO PTY LIMITED,702207029,HOLDCO,09/09/2026,,True,REGD,BRUSHY CREEK,False,False,False
BLOOMJAR MIDCO. PTY LTD,702199479,MIDCO,09/09/2026,,True,REGD,BLOOMJAR,True,False,False
RDG ELSTERNWICK HOLDCO PTY LTD,702198525,HOLDCO,09/09/2026,,True,REGD,RDG ELSTERNWICK,False,False,False
HAMILTON BIDCO PTY LTD,702141722,BIDCO,07/09/2026,,True,REGD,HAMILTON,True,True,True
HAMILTON HOLDCO PTY LTD,702140449,HOLDCO,07/09/2026,,True,REGD,HAMILTON,True,True,False
NSK HOLDCO PTY LTD,702135591,HOLDCO,07/09/2026,,True,REGD,NSK,False,False,False
BLOOMJAR HOLDCO. PTY LTD,702113933,HOLDCO,07/09/2026,,True,REGD,BLOOMJAR,True,False,False
A CLASS HOLDCO PTY LTD,702084160,HOLDCO,07/09/2026,,True,REGD,A CLASS,False,False,False
GROUNDSWELL HOLDCO PTY LTD,702069627,HOLDCO,04/09/2026,,True,REGD,GROUNDSWELL,False,False,False
PBSP - CARE FOR ALL HOLDCO PTY LTD,702028331,HOLDCO,03/09/2026,,True,REGD,PBSP CARE FOR ALL,False,False,False
WALTERS HOLDCO PTY LTD,702026079,HOLDCO,03/09/2026,,True,REGD,WALTERS,False,False,False
LAM1 FINCO PTY LTD,702025241,FINCO,03/09/2026,,True,REGD,LAM1,False,False,False
STELLAR BIDCO PTY LTD,702023596,BIDCO,03/09/2026,,True,REGD,STELLAR,False,False,True
SEEKER AGENCY (NEWCO) PTY LTD,702014622,NEWCO,03/09/2026,,True,REGD,SEEKER AGENCY,False,False,False
SOLUTION ENTERTAINMENT SERVICES (NEWCO) PTY LTD,702014131,NEWCO,03/09/2026,,True,REGD,SOLUTION ENTERTAINMENT SERVICES,False,False,False
SOLUTION ENTERTAINMENT (NEWCO) PTY LTD,702014104,NEWCO,03/09/2026,,True,REGD,SOLUTION ENTERTAINMENT,False,False,False
BUNDEY MIDCO PTY LTD,701991960,MIDCO,02/09/2026,,True,REGD,BUNDEY,False,False,False
NSW 1 MIDCO PTY LTD,701990132,MIDCO,02/09/2026,,True,REGD,NSW 1,False,False,False
INA FINCO PTY LTD,701924272,FINCO,01/09/2026,,True,REGD,INA,False,False,False
CDC SPV TOPCO NO 2 PTY LTD,701915077,TOPCO,31/08/2026,,True,REGD,CDC SPV,True,False,False
CDC HORIZON MIDCO 2 PTY LTD,701914776,MIDCO,31/08/2026,,True,REGD,CDC HORIZON 2,False,False,False
CDC SPV TOPCO NO 1 PTY LTD,701914570,TOPCO,31/08/2026,,True,REGD,CDC SPV,True,False,False
CDC HORIZON MIDCO 1 PTY LTD,701914123,MIDCO,31/08/2026,,True,REGD,CDC HORIZON 1,False,False,False
CDC HORIZON HOLDCO PTY LTD,701912816,HOLDCO,31/08/2026,,True,REGD,CDC HORIZON,False,False,False
AIRTRUNK HTR1B FINCO PTY LTD,701908358,FINCO,31/08/2026,,True,REGD,AIRTRUNK HTR1B,True,False,False
AIRTRUNK HTR1A FINCO PTY LTD,701908312,FINCO,31/08/2026,,True,REGD,AIRTRUNK HTR1A,True,False,False
ISOTOPE FINCO 3 PTY LTD,701850071,FINCO,28/08/2026,,True,REGD,ISOTOPE 3,False,False,False
ISOTOPE AUSTRALIA HOLDCO PTY LTD,701849845,HOLDCO,28/08/2026,,True,REGD,ISOTOPE,False,False,False
ERIC ALPHA UBP HOLDCO P4 PTY LTD,701841456,HOLDCO,28/08/2026,,True,REGD,ERIC ALPHA UBP P4,False,False,False
ERIC ALPHA UBP HOLDCO P3 PTY LTD,701841303,HOLDCO,28/08/2026,,True,REGD,ERIC ALPHA UBP P3,False,False,False
ERIC ALPHA UBP HOLDCO P2 PTY LTD,701841223,HOLDCO,28/08/2026,,True,REGD,ERIC ALPHA UBP P2,False,False,False
ERIC ALPHA UBP HOLDCO P1 PTY LTD,701841205,HOLDCO,28/08/2026,,True,REGD,ERIC ALPHA UBP P1,False,False,False
ANTARES HOLDCO PTY LTD,701840833,HOLDCO,28/08/2026,,True,REGD,ANTARES,False,False,False
FLOREY I BIDCO PTY LTD,701836642,BIDCO,28/08/2026,,True,REGD,FLOREY I,True,True,True
FLOREY I HOLDCO PTY LTD,701834684,HOLDCO,28/08/2026,,True,REGD,FLOREY I,True,True,False
HIDDEN HILL BESS HOLDCO PTY LTD,701797935,HOLDCO,27/08/2026,,True,REGD,HIDDEN HILL BESS,False,False,False
AVERRA BIDCO PTY LTD,701778912,BIDCO,26/08/2026,,True,REGD,AVERRA,True,True,True
AIRTRUNK HTR1B HOLDCO PTY LTD,701775957,HOLDCO,26/08/2026,,True,REGD,AIRTRUNK HTR1B,True,False,False
AIRTRUNK HTR1A HOLDCO PTY LTD,701775948,HOLDCO,26/08/2026,,True,REGD,AIRTRUNK HTR1A,True,False,False
AVERRA HOLDCO PTY LTD,701773328,HOLDCO,26/08/2026,,True,REGD,AVERRA,True,True,False
AVERRA MIDCO PTY LTD,701766109,MIDCO,26/08/2026,,True,REGD,AVERRA,True,True,False
AVERRA TOPCO PTY LTD,701760358,TOPCO,26/08/2026,,True,REGD,AVERRA,True,True,False
WESTERN DOWNS DIGITAL PARK FINCO 1 PTY LTD,701752347,FINCO,26/08/2026,,True,REGD,WESTERN DOWNS DIGITAL PARK 1,True,False,False
AIRTRUNK HTR1 HOLDCO PTY LTD,701729660,HOLDCO,25/08/2026,,True,REGD,AIRTRUNK HTR1,False,False,False
AVOCA AUS BIDCO PTY LTD,701727657,BIDCO,25/08/2026,,True,REGD,AVOCA,True,True,True
AVOCA AUS MIDCO PTY LTD,701727479,MIDCO,25/08/2026,,True,REGD,AVOCA,True,True,False
AVOCA AUS MEZZCO PTY LTD,701727317,MEZZCO,25/08/2026,,True,REGD,AVOCA,True,True,False
AVOCA AUS HOLDCO PTY LTD,701722974,HOLDCO,25/08/2026,,True,REGD,AVOCA,True,True,False
KERANG HOLDCO PTY LTD,701714614,HOLDCO,25/08/2026,,True,REGD,KERANG,True,False,False
PEGASUS AUSTRALIAN FINCO PTY LTD,701709579,FINCO,25/08/2026,,True,REGD,PEGASUS AUSTRALIAN,False,False,False
DAA HOLDCO LIMITED,701688771,HOLDCO,25/08/2026,,True,REGD,DAA,False,False,False
PULSE BIDCO PTY LTD,701547659,BIDCO,25/08/2026,,True,REGD,PULSE,True,True,True
PULSE MIDCO PTY LTD,701547542,MIDCO,25/08/2026,,True,REGD,PULSE,True,True,False
PULSE HOLDCO PTY LTD,701547373,HOLDCO,25/08/2026,,True,REGD,PULSE,True,True,False
EAGLEHAWK HOLDCO PTY LTD,701701895,HOLDCO,24/08/2026,,True,REGD,EAGLEHAWK,False,False,False
WAMBO BIDCO PTY LTD,701680597,BIDCO,24/08/2026,,True,REGD,WAMBO,False,False,True
WESTERN DOWNS DIGITAL PARK HOLDCO 4 PTY LTD,701672693,HOLDCO,24/08/2026,,True,REGD,WESTERN DOWNS DIGITAL PARK 4,False,False,False
WESTERN DOWNS DIGITAL PARK HOLDCO 3 PTY LTD,701671114,HOLDCO,24/08/2026,,True,REGD,WESTERN DOWNS DIGITAL PARK 3,False,False,False
WESTERN DOWNS DIGITAL PARK HOLDCO 2 PTY LTD,701670635,HOLDCO,24/08/2026,,True,REGD,WESTERN DOWNS DIGITAL PARK 2,False,False,False
WESTERN DOWNS DIGITAL PARK HOLDCO 1 PTY LTD,701670144,HOLDCO,24/08/2026,,True,REGD,WESTERN DOWNS DIGITAL PARK 1,True,False,False
INNOVATIVE SHEDS TRADE HOLDCO PTY LTD,701622719,HOLDCO,21/08/2026,,True,REGD,INNOVATIVE SHEDS TRADE,False,False,False
APX-W MIDCO PTY LTD,701620564,MIDCO,21/08/2026,,True,REGD,APX W,True,False,False
APX-W HOLDCO PTY LTD,701619347,HOLDCO,21/08/2026,,True,REGD,APX W,True,False,False
H&G CONSTRUCTIONS HOLDCO PTY LTD,701618395,HOLDCO,21/08/2026,,True,REGD,H G CONSTRUCTIONS,False,False,False
APX-N MIDCO PTY LTD,701617352,MIDCO,21/08/2026,,True,REGD,APX N,True,False,False
APX-N HOLDCO PTY LTD,701616962,HOLDCO,21/08/2026,,True,REGD,APX N,True,False,False
EUREKA BEVINGTON SHORES HOLDCO PTY LTD,701594630,HOLDCO,20/08/2026,,True,REGD,EUREKA BEVINGTON SHORES,False,False,False
EUREKA THE GRANGE HOLDCO PTY LTD,701594498,HOLDCO,20/08/2026,,True,REGD,EUREKA THE GRANGE,False,False,False
EASTGATE PROPERTY HOLDCO 2 PTY LTD,701583039,HOLDCO,20/08/2026,,True,REGD,EASTGATE PROPERTY 2,False,False,False
RP AUS BIDCO PTY LTD,701557904,BIDCO,19/08/2026,,True,REGD,RP,False,False,True
RP AUS HOLDCO PTY LTD,701546901,HOLDCO,19/08/2026,,True,REGD,RP,False,False,False
APX EAST MIDCO PTY LTD,701538276,MIDCO,19/08/2026,,True,REGD,APX EAST,True,False,False
DANONE AU ACQUISITION BIDCO PTY LTD,700830753,BIDCO,19/08/2026,,True,REGD,DANONE,True,True,True
STARBOARD BIDCO PTY LTD,701506532,BIDCO,18/08/2026,,True,REGD,STARBOARD,True,True,True
STARBOARD AUS HOLDCO PTY LTD,701506470,HOLDCO,18/08/2026,,True,REGD,STARBOARD,True,True,False
STARBOARD MIDCO PTY LTD,701506425,MIDCO,18/08/2026,,True,REGD,STARBOARD,True,True,False
STARBOARD HOLDCO PTY LTD,701506381,HOLDCO,18/08/2026,,True,REGD,STARBOARD,True,True,False
STARBOARD TOPCO PTY LTD,701506121,TOPCO,18/08/2026,,True,REGD,STARBOARD,True,True,False
SALTBUSH HOLDCO PTY LTD,701502230,HOLDCO,18/08/2026,,True,REGD,SALTBUSH,False,False,False
MILLI WIND FARM HOLDCO PTY LTD,701501868,HOLDCO,18/08/2026,,True,REGD,MILLI WIND FARM,False,False,False
MERINO WF HOLDCO PTY LTD,701501493,HOLDCO,18/08/2026,,True,REGD,MERINO WF,False,False,False
HANWORTH HOLDCO PTY LTD,701500736,HOLDCO,18/08/2026,,True,REGD,HANWORTH,False,False,False
DUNMORE SOLAR FARM & BESS HOLDCO PTY LTD,701500450,HOLDCO,18/08/2026,,True,REGD,DUNMORE SOLAR FARM BESS,False,False,False
COLEAMBALLY BESS HOLDCO PTY LTD,701499998,HOLDCO,18/08/2026,,True,REGD,COLEAMBALLY BESS,False,False,False
ARDANDRA SF HOLDCO PTY LTD,701499532,HOLDCO,18/08/2026,,True,REGD,ARDANDRA SF,False,False,False
DANONE AU HOLDCO PTY LTD,700830520,HOLDCO,18/08/2026,,True,REGD,DANONE,True,True,False
BLUE IS MID HOLDCO PTY LTD,701413603,HOLDCO,14/08/2026,,True,REGD,BLUE IS MID,False,False,False
PROVENT ONLINE HOLDCO PTY LTD,701409001,HOLDCO,14/08/2026,,True,REGD,PROVENT ONLINE,False,False,False
CLINICAL HUB HOLDCO PTY LTD,701408915,HOLDCO,14/08/2026,,True,REGD,CLINICAL HUB,False,False,False
WESTBURY BIOHUB HOLDCO PTY LTD,701370621,HOLDCO,13/08/2026,,True,REGD,WESTBURY BIOHUB,False,False,False
D&S HOLDCO PTY LIMITED,701326954,HOLDCO,12/08/2026,,True,REGD,D S,False,False,False
GUNDARY SOLAR HOLDCO PTY LIMITED,701322581,HOLDCO,12/08/2026,,True,REGD,GUNDARY SOLAR,False,False,False
MITCHELL BRANDTMAN PTY LTD,701314374,,12/08/2026,,True,REGD,MITCHELL BRANDTMAN,False,False,False
L&S HOLDCO (PSS) PTY LTD,701301340,HOLDCO,11/08/2026,,True,REGD,L S PSS,False,False,False
L&S HOLDCO (CARING SUPPORT @ HOME) PTY LTD,701298982,HOLDCO,11/08/2026,,True,REGD,L S CARING SUPPORT HOME,False,False,False
QUIVER BIDCO PTY LTD,701296200,BIDCO,11/08/2026,,True,REGD,QUIVER,True,True,True
QUIVER MIDCO B PTY LTD,701294475,MIDCO,11/08/2026,,True,REGD,QUIVER B,False,False,False
QUIVER MIDCO A PTY LTD,701292828,MIDCO,11/08/2026,,True,REGD,QUIVER A,False,False,False
QUIVER HOLDCO PTY LTD,701289849,HOLDCO,11/08/2026,,True,REGD,QUIVER,True,True,False
DB GRID FINCO 2 PTY LTD,701287489,FINCO,11/08/2026,,True,REGD,DB GRID 2,False,False,False
DB GRID FINCO 1 PTY LTD,701286348,FINCO,11/08/2026,,True,REGD,DB GRID 1,False,False,False
TRIDENT AU HOLDCO PTY LTD,701081156,HOLDCO,11/08/2026,,True,REGD,TRIDENT,True,True,False
ZERRA WDDP HOLDCO PTY LTD,701254239,HOLDCO,10/08/2026,,True,REGD,ZERRA WDDP,False,False,False
TRIDENT AU BIDCO PTY LTD,701081245,BIDCO,10/08/2026,,True,REGD,TRIDENT,True,True,True
OOH MIDCO 2 PTY. LTD.,701203910,MIDCO,08/08/2026,,True,REGD,OOH 2,False,False,False
OOH MIDCO 1 PTY. LTD,701202931,MIDCO,08/08/2026,,True,REGD,OOH 1,False,False,False
PARTNERSHIP CAPITAL JPS BIDCO PTY LTD,701186932,BIDCO,07/08/2026,,True,REGD,PARTNERSHIP CAPITAL JPS,True,True,True
YC HOLDCO PTY LTD,701185926,HOLDCO,07/08/2026,,True,REGD,YC,False,False,False
PARTNERSHIP CAPITAL JPS HOLDCO PTY LTD,701170416,HOLDCO,07/08/2026,,True,REGD,PARTNERSHIP CAPITAL JPS,True,True,False
BELLAGIO BIDCO PTY LTD,701169646,BIDCO,07/08/2026,,True,REGD,BELLAGIO,True,True,True
BELLAGIO MIDCO PTY LTD,701169155,MIDCO,07/08/2026,,True,REGD,BELLAGIO,True,True,False
BELLAGIO TOPCO PTY LTD,701167688,TOPCO,07/08/2026,,True,REGD,BELLAGIO,True,True,False
CGP PROPERTY INVESTMENT HOLDCO PTY LIMITED,701150950,HOLDCO,06/08/2026,,True,REGD,CGP PROPERTY INVESTMENT,False,False,False
GEL HOLDCO PTY LTD,701119208,HOLDCO,06/08/2026,,True,REGD,GEL,False,False,False
ZERRA OPERATOR FINCO PTY LTD,701082082,FINCO,05/08/2026,,True,REGD,ZERRA OPERATOR,False,False,False
ENVEST MIDCO 3 PTY LTD,701044448,MIDCO,04/08/2026,,True,REGD,ENVEST 3,False,False,False
FOSTER HOLDCO PTY LIMITED,701003321,HOLDCO,03/08/2026,,True,REGD,FOSTER,False,False,False
NTBESS FINCO PTY LTD,700998732,FINCO,03/08/2026,,True,REGD,NTBESS,False,False,False
PERUN BIDCO PTY LTD,700936018,BIDCO,31/07/2026,,True,REGD,PERUN,True,True,True
PERUN FINCO PTY LTD,700934078,FINCO,31/07/2026,,True,REGD,PERUN,True,True,False
PERUN MIDCO PTY LTD,700933893,MIDCO,31/07/2026,,True,REGD,PERUN,True,True,False
PERUN HOLDCO PTY LTD,700933777,HOLDCO,31/07/2026,,True,REGD,PERUN,True,True,False
PERUN TOPCO PTY LTD,700933697,TOPCO,31/07/2026,,True,REGD,PERUN,True,True,False
CI V HOLDCO PTY LTD,700889890,HOLDCO,30/07/2026,,True,REGD,CI V,True,True,False
PHOTON BIDCO PTY LTD,700884859,BIDCO,30/07/2026,,True,REGD,PHOTON,False,False,True
PACIFIC GREEN NINE MILE FINCO PTY LTD,700840099,FINCO,29/07/2026,,True,REGD,PACIFIC GREEN NINE MILE,False,False,False
VALLEY BIDCO PTY LTD,700839603,BIDCO,29/07/2026,,True,REGD,VALLEY,True,True,True
VALLEY FINCO PTY LTD,700837752,FINCO,29/07/2026,,True,REGD,VALLEY,True,True,False
VALLEY HOLDCO PTY LTD,700836979,HOLDCO,29/07/2026,,True,REGD,VALLEY,True,True,False
OOH BIDCO PTY. LTD.,700817312,BIDCO,28/07/2026,,True,REGD,OOH,False,False,True
CAPRA BIDCO PTY LTD,700793040,BIDCO,28/07/2026,,True,SOFF,CAPRA,True,True,True
GELATO BIDCO PTY LTD,700792990,BIDCO,28/07/2026,,True,REGD,GELATO,True,True,True
CAPRA FINCO PTY LTD,700790898,FINCO,28/07/2026,,True,SOFF,CAPRA,True,True,False
GELATO FINCO PTY LTD,700790772,FINCO,28/07/2026,,True,REGD,GELATO,True,True,False
CAPRA HOLDCO PTY LTD,700789493,HOLDCO,28/07/2026,,True,SOFF,CAPRA,True,True,False
GELATO HOLDCO PTY LTD,700789233,HOLDCO,28/07/2026,,True,REGD,GELATO,True,True,False
CHAD HOLDCO PTY LTD,700766605,HOLDCO,27/07/2026,,True,REGD,CHAD,False,False,False
STACK INFRASTRUCTURE AUSTRALIA (MEL04) HOLDCO PTY LTD,700764978,HOLDCO,27/07/2026,,True,REGD,STACK INFRASTRUCTURE MEL04,False,False,False
HARBOUR SENIOR FINCO PTY LTD,700761351,FINCO,27/07/2026,,True,REGD,HARBOUR SENIOR,False,False,False
ARROW HOLDCO (CADMUS) PTY LTD,700741411,HOLDCO,27/07/2026,,True,REGD,ARROW CADMUS,False,False,False
HELIOS PORTFOLIO FINCO PTY LTD,700741082,FINCO,27/07/2026,,True,REGD,HELIOS PORTFOLIO,False,False,False
STANBRIDGE OP HOLDCO PTY LTD,700738567,HOLDCO,27/07/2026,,True,REGD,STANBRIDGE OP,False,False,False
NARACOORTE OP HOLDCO PTY LTD,700738558,HOLDCO,27/07/2026,,True,REGD,NARACOORTE OP,False,False,False
COOMANDOOK OP HOLDCO PTY LTD,700738549,HOLDCO,27/07/2026,,True,REGD,COOMANDOOK OP,False,False,False
BARNAWARTHA NORTH OP HOLDCO PTY LTD,700738254,HOLDCO,27/07/2026,,True,REGD,BARNAWARTHA NORTH OP,False,False,False
MARCOLLAT STAGE 2 OP HOLDCO PTY LTD,700737122,HOLDCO,27/07/2026,,True,REGD,MARCOLLAT STAGE 2 OP,False,False,False
MOOROOPNA OP HOLDCO PTY LTD,700736465,HOLDCO,27/07/2026,,True,REGD,MOOROOPNA OP,False,False,False
CONEYBEER OP HOLDCO PTY LTD,700736456,HOLDCO,27/07/2026,,True,REGD,CONEYBEER OP,False,False,False
SHEFFIELD OP HOLDCO PTY LTD,700736152,HOLDCO,27/07/2026,,True,REGD,SHEFFIELD OP,False,False,False
MARCOLLAT STAGE 1 OP HOLDCO PTY LTD,700736143,HOLDCO,27/07/2026,,True,REGD,MARCOLLAT STAGE 1 OP,False,False,False
ALBURY OP HOLDCO PTY LTD,700736134,HOLDCO,27/07/2026,,True,REGD,ALBURY OP,False,False,False
INDIGO OP HOLDCO PTY LTD,700735271,HOLDCO,27/07/2026,,True,REGD,INDIGO OP,False,False,False
BAIRNSDALE OP HOLDCO PTY LTD,700735262,HOLDCO,27/07/2026,,True,REGD,BAIRNSDALE OP,False,False,False
LACEBY OP HOLDCO PTY LTD,700735191,HOLDCO,27/07/2026,,True,REGD,LACEBY OP,False,False,False
THE NATIONAL CHAMPIONS HOLDCO PTY LTD,700672108,HOLDCO,24/07/2026,,True,REGD,THE NATIONAL CHAMPIONS,False,False,False
CREERA HOLDCO 5 PTY LTD,700649476,HOLDCO,23/07/2026,,True,REGD,CREERA 5,False,False,False
MOOROOPNA PROP HOLDCO PTY LTD,700642039,HOLDCO,23/07/2026,,True,REGD,MOOROOPNA PROP,False,False,False
CONEYBEER PROP HOLDCO PTY LTD,700642020,HOLDCO,23/07/2026,,True,REGD,CONEYBEER PROP,False,False,False
SHEFFIELD PROP HOLDCO PTY LTD,700641292,HOLDCO,23/07/2026,,True,REGD,SHEFFIELD PROP,False,False,False
MARCOLLAT 2 PROP HOLDCO PTY LTD,700641283,HOLDCO,23/07/2026,,True,REGD,MARCOLLAT 2 PROP,False,False,False
MARCOLLAT 1 PROP HOLDCO PTY LTD,700641274,HOLDCO,23/07/2026,,True,REGD,MARCOLLAT 1 PROP,False,False,False
ALBURY PROP HOLDCO PTY LTD,700641247,HOLDCO,23/07/2026,,True,REGD,ALBURY PROP,False,False,False
STANBRIDGE PROP HOLDCO PTY LTD,700640053,HOLDCO,23/07/2026,,True,REGD,STANBRIDGE PROP,False,False,False
NARACOORTE PROP HOLDCO PTY LTD,700640044,HOLDCO,23/07/2026,,True,REGD,NARACOORTE PROP,False,False,False
BARNAWARTHA NORTH PROP HOLDCO PTY LTD,700639103,HOLDCO,23/07/2026,,True,REGD,BARNAWARTHA NORTH PROP,False,False,False
BAIRNSDALE PROP HOLDCO PTY LTD,700639096,HOLDCO,23/07/2026,,True,REGD,BAIRNSDALE PROP,False,False,False
COOMANDOOK PROP HOLDCO PTY LTD,700627934,HOLDCO,23/07/2026,,True,REGD,COOMANDOOK PROP,False,False,False
FOREST FINCO PTY LTD,700626839,FINCO,23/07/2026,,True,REGD,FOREST,False,False,False
INDIGO PROP HOLDCO PTY LTD,700625029,HOLDCO,23/07/2026,,True,REGD,INDIGO PROP,False,False,False
LACEBY PROP HOLDCO PTY LTD,700624899,HOLDCO,23/07/2026,,True,REGD,LACEBY PROP,False,False,False
WURDONG FINCO PTY LTD,700621594,FINCO,23/07/2026,,True,REGD,WURDONG,False,False,False
OBX HOLDCO PTY LTD,700602802,HOLDCO,22/07/2026,,True,REGD,OBX,False,False,False
CFH HOLDCO LIMITED,700593531,HOLDCO,22/07/2026,,True,REGD,CFH,False,False,False
AR GROUP HOLDCO PTY LTD,700564816,HOLDCO,21/07/2026,,True,REGD,AR,False,False,False
HOSTA BIDCO PTY LIMITED,700554454,BIDCO,21/07/2026,,True,REGD,HOSTA,True,True,True
HOSTA MIDCO PTY LIMITED,700550563,MIDCO,21/07/2026,,True,REGD,HOSTA,True,True,False
CQI HOLDCO PTY LTD,700535379,HOLDCO,21/07/2026,,True,REGD,CQI,False,False,False
PARAFIELD HOLDCO PTY LTD,700534238,HOLDCO,21/07/2026,,True,REGD,PARAFIELD,False,False,False
NSSBP BIDCO PTY LTD,700526058,BIDCO,21/07/2026,,True,REGD,NSSBP,False,False,True
HOSTA TOPCO PTY LIMITED,700508523,TOPCO,20/07/2026,,True,REGD,HOSTA,True,True,False
TARRONE BESS DEVELOPMENT FINCO PTY LTD,700498602,FINCO,20/07/2026,,True,REGD,TARRONE BESS DEVELOPMENT,False,False,False
BANNABY MIDCO PTY LTD,698563076,MIDCO,20/07/2026,,True,REGD,BANNABY,True,False,False
STEVEMACS HOLDCO PTY LTD,700430673,HOLDCO,17/07/2026,,True,REGD,STEVEMACS,False,False,False
DRAGON BOND HOLDCO PTY LTD,700427229,HOLDCO,17/07/2026,,True,REGD,DRAGON BOND,True,False,False
DRAGON BOND MIDCO PTY LTD,700425976,MIDCO,17/07/2026,,True,REGD,DRAGON BOND,True,False,False
SUMMIT BIDCO PTY LTD,700424675,BIDCO,17/07/2026,,True,REGD,SUMMIT,True,True,True
DRAGON ALBERT MIDCO PTY LTD,700421950,MIDCO,17/07/2026,,True,REGD,DRAGON ALBERT,True,False,False
SUMMIT HOLDCO PTY LTD,700420882,HOLDCO,17/07/2026,,True,REGD,SUMMIT,True,True,False
DRAGON ALBERT HOLDCO PTY LTD,700416799,HOLDCO,17/07/2026,,True,REGD,DRAGON ALBERT,True,False,False
SUMMIT MIDCO PTY LTD,700414606,MIDCO,17/07/2026,,True,REGD,SUMMIT,True,True,False
TRAILER BIDCO PTY LTD,700404039,BIDCO,17/07/2026,,True,REGD,TRAILER,True,True,True
COMMODORE INTERMEDIATECO PTY LTD,700401556,INTERMEDIATECO,17/07/2026,,True,REGD,COMMODORE,True,True,False
TRAILER FINCO PTY LTD,700401501,FINCO,17/07/2026,,True,REGD,TRAILER,True,True,False
TRAILER HOLDCO PTY LTD,700380909,HOLDCO,16/07/2026,,True,REGD,TRAILER,True,True,False
SUMMIT TOPCO PTY LTD,700378178,TOPCO,16/07/2026,,True,REGD,SUMMIT,True,True,False
VALONT MIDCO PTY LTD,700341420,MIDCO,15/07/2026,,True,REGD,VALONT,False,False,False
BOWNING HYBRID HOLDCO PTY LTD,700292306,HOLDCO,14/07/2026,,True,REGD,BOWNING HYBRID,False,False,False
ULEXITE MIDCO PTY LIMITED,700234724,MIDCO,13/07/2026,,True,REGD,ULEXITE,False,False,False
MCLEOD BIDCO PTY LTD,700222920,BIDCO,13/07/2026,,True,REGD,MCLEOD,True,True,True
COMMODORE BIDCO PTY LTD,700216342,BIDCO,13/07/2026,,True,REGD,COMMODORE,True,True,True
COMMODORE MIDCO PTY LTD,700215336,MIDCO,13/07/2026,,True,REGD,COMMODORE,True,True,False
COMMODORE TOPCO PTY LTD,700214204,TOPCO,13/07/2026,,True,REGD,COMMODORE,True,True,False
TRACKER HOLDCO PTY LTD,700168510,HOLDCO,10/07/2026,,True,REGD,TRACKER,False,False,False
HIDDEN HILL HOLDCO PTY LTD,700163186,HOLDCO,10/07/2026,,True,REGD,HIDDEN HILL,False,False,False
MCLEOD HOLDCO PTY LTD,700162214,HOLDCO,10/07/2026,,True,REGD,MCLEOD,True,True,False
KERANG NO. 1 HOLDCO PTY LTD,700074531,HOLDCO,08/07/2026,,True,REGD,KERANG,True,False,False
ANZA FINCO PTY LTD,700048497,FINCO,08/07/2026,,True,REGD,ANZA,False,False,False
ANZA FIN HOLDCO PTY LTD,700023650,HOLDCO,07/07/2026,,True,REGD,ANZA FIN,False,False,False
FOREST FINCO 2 PTY LTD,699976880,FINCO,07/07/2026,,True,REGD,FOREST 2,False,False,False
KIRRAWEE COMMERCIAL HOLDCO PTY LTD,699964308,HOLDCO,06/07/2026,,True,REGD,KIRRAWEE COMMERCIAL,False,False,False
CONCERTO 2.0 FINCO PTY LTD,699870123,FINCO,03/07/2026,,True,REGD,CONCERTO 2 0,False,False,False
CONCERTO FINCO PTY LTD,699870114,FINCO,03/07/2026,,True,REGD,CONCERTO,False,False,False
LANSDOWN SOLAR WEST LAND HOLDCO PTY LTD,699831475,HOLDCO,02/07/2026,,True,REGD,LANSDOWN SOLAR WEST LAND,False,False,False
LANSDOWN SOLAR WEST HOLDCO PTY LTD,699828361,HOLDCO,02/07/2026,,True,REGD,LANSDOWN SOLAR WEST,False,False,False
YANCO MIDCO PTY LTD,699822832,MIDCO,02/07/2026,,True,REGD,YANCO,True,False,False
YANCO HOLDCO PTY LTD,699818418,HOLDCO,02/07/2026,,True,REGD,YANCO,True,False,False
BELEEF HOLDCO PTY LTD,699777707,HOLDCO,01/07/2026,,True,REGD,BELEEF,False,False,False
MOBILONG FINCO PTY LTD,699743989,FINCO,01/07/2026,,True,REGD,MOBILONG,False,False,False
TG FINCO PTY LTD,699735263,FINCO,01/07/2026,,True,REGD,TG,False,False,False
CHANNEL MIDCO PTY LTD,699689686,MIDCO,30/06/2026,,True,REGD,CHANNEL,False,False,False
ENT HOLDCO PTY LTD,699680281,HOLDCO,30/06/2026,,True,REGD,ENT,False,False,False
GL1 HOLDCO NO 3 PTY LTD,699675002,HOLDCO,30/06/2026,,True,REGD,GL1,False,False,False
ACFS MIDCO PTY LTD,699674274,MIDCO,30/06/2026,,True,REGD,ACFS,False,False,False
SURGE AU BIDCO PTY LTD,699645219,BIDCO,29/06/2026,,True,REGD,SURGE,True,True,True
SURGE AU MIDCO PTY LTD,699643304,MIDCO,29/06/2026,,True,REGD,SURGE,True,True,False
SURGE AU TOPCO PTY LTD,699638947,TOPCO,29/06/2026,,True,REGD,SURGE,True,True,False
DJT HOLDCO PTY LTD,699633362,HOLDCO,29/06/2026,,True,REGD,DJT,False,False,False
APA KPS (HOLDCO) PTY LTD,699629902,HOLDCO,29/06/2026,,True,REGD,APA KPS,False,False,False
AUXO HOLDCO PTY LTD,699601520,HOLDCO,29/06/2026,,True,REGD,AUXO,False,False,False
LM HOLDCO PTY LTD,699546195,HOLDCO,26/06/2026,,True,REGD,LM,False,False,False
AWF TOPCO PTY LTD,699535889,TOPCO,26/06/2026,,True,REGD,AWF,False,False,False
NERRIGA HOLDCO PTY LTD,699492478,HOLDCO,25/06/2026,,True,REGD,NERRIGA,False,False,False
TEMORA HOLDCO PTY LTD,699492281,HOLDCO,25/06/2026,,True,REGD,TEMORA,False,False,False
UPPER HUNTER HOLDCO PTY LTD,699491757,HOLDCO,25/06/2026,,True,REGD,UPPER HUNTER,False,False,False
VIRGO BIDCO PTY LTD,699487119,BIDCO,25/06/2026,,True,REGD,VIRGO,False,False,True
GISI CG AUSTRALIA BIDCO PTY LTD,699417859,BIDCO,24/06/2026,,True,REGD,GISI CG,False,False,True
L&S HOLDCO PTY LTD,699415533,HOLDCO,24/06/2026,,True,REGD,L S,False,False,False
FINCO CAPITAL PTY LTD,699405868,FINCO,24/06/2026,,True,REGD,CAPITAL,False,False,False
BAHM BIDCO PTY LTD,699366017,BIDCO,23/06/2026,,True,REGD,BAHM,True,True,True
BAHM HOLDCO PTY LTD,699363892,HOLDCO,23/06/2026,,True,REGD,BAHM,True,True,False
LRA HOLDCO PTY LTD,699356744,HOLDCO,23/06/2026,,True,REGD,LRA,False,False,False
DANISH DOUGH HOLDCO PTY LTD,699350920,HOLDCO,23/06/2026,,True,REGD,DANISH DOUGH,False,False,False
SCALE MIDCO 2 PTY LTD,699333250,MIDCO,22/06/2026,,True,REGD,SCALE 2,False,False,False
SCALE MIDCO 1 PTY LTD,699329336,MIDCO,22/06/2026,,True,REGD,SCALE 1,False,False,False
MA FINCO 2026 PTY LTD,699259991,FINCO,19/06/2026,,True,REGD,MA 2026,False,False,False
IPF V HOLDCO PTY LTD,699256810,HOLDCO,19/06/2026,,True,REGD,IPF V,False,False,False
BDMR HOLDCO PTY LTD,699241051,HOLDCO,19/06/2026,,True,REGD,BDMR,False,False,False
ANAXAVRU HOLDCO PTY LIMITED,699237619,HOLDCO,19/06/2026,,True,REGD,ANAXAVRU,False,False,False
TURQUOISE GORTON FINCO PTY LTD,699237324,FINCO,19/06/2026,,True,REGD,TURQUOISE GORTON,False,False,False
APX EAST HOLDCO PTY LTD,699202689,HOLDCO,18/06/2026,,True,REGD,APX EAST,True,False,False
EQUANS HORIZON TOPCO PTY LTD,699195518,TOPCO,18/06/2026,,True,REGD,EQUANS HORIZON,False,False,False
VERTICAL TRANSPORT BIDCO PTY LTD,699168100,BIDCO,17/06/2026,,True,REGD,VERTICAL TRANSPORT,False,False,True
ELEVATE BIDCO PTY LTD,699129523,BIDCO,16/06/2026,,True,REGD,ELEVATE,True,True,True
ELEVATE MIDCO PTY LTD,699128786,MIDCO,16/06/2026,,True,REGD,ELEVATE,True,True,False
ELEVATE HOLDCO PTY LTD,699127832,HOLDCO,16/06/2026,,True,REGD,ELEVATE,True,True,False
VERTIS BIDCO PTY LTD,699084467,BIDCO,15/06/2026,,True,REGD,VERTIS,True,True,True
VERTIS FINCO PTY LTD,699080423,FINCO,15/06/2026,,True,REGD,VERTIS,True,True,False
VERTIS TOPCO PTY LTD,699069871,TOPCO,15/06/2026,,True,REGD,VERTIS,True,True,False
AGPDC MEL1 FINCO 2 PTY LTD,699064205,FINCO,15/06/2026,,True,REGD,AGPDC MEL1 2,False,False,False
UTA SDP FINCO PTY LIMITED,699061151,FINCO,15/06/2026,,True,REGD,UTA SDP,False,False,False
EUREKA CONCRETE AND QUARRIES PTY LTD,699018061,,12/06/2026,,True,REGD,EUREKA CONCRETE AND QUARRIES,False,False,False
ROCK HOLDCO PTY LTD,699010832,HOLDCO,12/06/2026,,True,REGD,ROCK,False,False,False
CI V BIDCO PTY LTD,698935018,BIDCO,10/06/2026,,True,REGD,CI V,True,True,True
TL AUS BIDCO PTY LTD,698905789,BIDCO,10/06/2026,,True,REGD,TL,False,False,True
TL AUS HOLDCO PTY LTD,698902804,HOLDCO,10/06/2026,,True,REGD,TL,False,False,False
BRINKWORTH FINCO PTY LTD,698890998,FINCO,10/06/2026,,True,REGD,BRINKWORTH,False,False,False
OPD CONSTRUCT HOLDCO PTY LTD,698889217,HOLDCO,09/06/2026,,True,REGD,OPD CONSTRUCT,False,False,False
MYRTLE FINCO PTY LTD,698886298,FINCO,09/06/2026,,True,REGD,MYRTLE,True,False,False
MYRTLE HOLDCO PTY LTD,698885764,HOLDCO,09/06/2026,,True,REGD,MYRTLE,True,False,False
GBCC FINCO PTY LTD,698773367,FINCO,05/06/2026,,True,REGD,GBCC,True,False,False
GBCC HOLDCO PTY LTD,698761312,HOLDCO,04/06/2026,,True,REGD,GBCC,True,False,False
SOMERSET INTERNATIONAL AUSTRALIA HOLDCO 1 PTY LTD,698741641,HOLDCO,04/06/2026,,True,REGD,SOMERSET INTERNATIONAL 1,False,False,False
KENNEDY HOLDCO PTY LTD,698737718,HOLDCO,04/06/2026,,True,REGD,KENNEDY,False,False,False
GANZ PARENTCO PTY LTD,698725816,PARENTCO,03/06/2026,,True,REGD,GANZ,True,False,False
GANZ MIDCO PTY LTD,698725058,MIDCO,03/06/2026,,True,REGD,GANZ,True,False,False
GANZ TOPCO PTY LTD,698724579,TOPCO,03/06/2026,,True,REGD,GANZ,True,False,False
BARINGS AUSTRALIA MARINA HOLDCO PTY LTD,698710459,HOLDCO,03/06/2026,,True,REGD,BARINGS MARINA,False,False,False
CLIVE HOLDCO PTY LTD,698681373,HOLDCO,02/06/2026,,True,REGD,CLIVE,False,False,False
IH BTM MIDCO PTY LIMITED,698625115,MIDCO,01/06/2026,,True,REGD,IH BTM,True,False,False
IH BTM HOLDCO PTY LIMITED,698618736,HOLDCO,01/06/2026,,True,REGD,IH BTM,True,False,False
MUSWELLBROOK MIDCO PTY LTD,698569247,MIDCO,29/05/2026,,True,REGD,MUSWELLBROOK,True,False,False
GOULD CREEK 2 MIDCO PTY LTD,698568919,MIDCO,29/05/2026,,True,REGD,GOULD CREEK 2,True,False,False
MUSWELLBROOK HOLDCO PTY LTD,698568071,HOLDCO,29/05/2026,,True,REGD,MUSWELLBROOK,True,False,False
GOULD CREEK 2 HOLDCO PTY LTD,698566719,HOLDCO,29/05/2026,,True,REGD,GOULD CREEK 2,True,False,False
APSLEY MIDCO PTY LTD,698558244,MIDCO,29/05/2026,,True,REGD,APSLEY,True,False,False
BANNABY HOLDCO PTY LTD,698554960,HOLDCO,29/05/2026,,True,REGD,BANNABY,True,False,False
APSLEY HOLDCO PTY LTD,698553963,HOLDCO,29/05/2026,,True,REGD,APSLEY,True,False,False
HOPE TOPCO PTY LTD,698547796,TOPCO,29/05/2026,,True,REGD,HOPE,False,False,False
DHYAN HOLDCO PTY LTD,698491397,HOLDCO,27/05/2026,,True,REGD,DHYAN,False,False,False
MAC FINCO PTY LTD,698490667,FINCO,27/05/2026,,True,REGD,MAC,False,False,False
MOORABBIN AIRPORT CORPORATION HOLDCO PTY LTD,698485424,HOLDCO,27/05/2026,,True,REGD,MOORABBIN AIRPORT CORPORATION,False,False,False
ZELORA HOLDCO PTY LTD,698333854,HOLDCO,22/05/2026,,True,REGD,ZELORA,True,False,False
ZELORA MEZZCO PTY LTD,698333229,MEZZCO,22/05/2026,,True,REGD,ZELORA,True,False,False
ZELORA TOPCO PTY LTD,698332240,TOPCO,22/05/2026,,True,REGD,ZELORA,True,False,False
HAMPTON PARK FINCO PTY LTD,698311750,FINCO,21/05/2026,,True,REGD,HAMPTON PARK,False,False,False
UNITY HOLDCO PTY LTD,698307881,HOLDCO,21/05/2026,,True,REGD,UNITY,False,False,False
RELAY BIDCO PTY LTD,698298118,BIDCO,21/05/2026,,True,REGD,RELAY,False,False,True
MARKAKIS HOLDCO PTY LTD,698290112,HOLDCO,21/05/2026,,True,REGD,MARKAKIS,False,False,False
CHAVIARAS HOLDCO PTY LTD,698289940,HOLDCO,21/05/2026,,True,REGD,CHAVIARAS,False,False,False
GALILEO BIDCO PTY LTD,698274609,BIDCO,20/05/2026,,True,REGD,GALILEO,True,True,True
GALILEO HOLDCO PTY LTD,698270905,HOLDCO,20/05/2026,,True,REGD,GALILEO,True,True,False
NEXTDC S7 HOLDINGS MIDCO PTY LTD,698258516,MIDCO,20/05/2026,,True,REGD,NEXTDC S7,False,False,False
NEXTDC S4 HOLDINGS MIDCO PTY LTD,698258507,MIDCO,20/05/2026,,True,REGD,NEXTDC S4,False,False,False
CREERA HOLDCO 4 PTY LTD,698256478,HOLDCO,20/05/2026,,True,REGD,CREERA 4,False,False,False
PEGASUS HOLD FINCO PTY LTD,698251393,FINCO,20/05/2026,,True,REGD,PEGASUS HOLD,False,False,False
STOCKEDGE KEMPS CREEK OPCO FINCO PTY LTD,698226470,FINCO,20/05/2026,,True,REGD,STOCKEDGE KEMPS CREEK OPCO,False,False,False
STOCKEDGE KEMPS CREEK HOLDCO PTY LTD,698224798,HOLDCO,19/05/2026,,True,REGD,STOCKEDGE KEMPS CREEK,False,False,False
FUSION BIDCO PTY LIMITED,698222481,BIDCO,19/05/2026,,True,REGD,FUSION,True,True,True
FUSION HOLDCO PTY LIMITED,698213455,HOLDCO,19/05/2026,,True,REGD,FUSION,True,True,False
PRAECO DEVCO FINCO PTY LTD,698205622,FINCO,19/05/2026,,True,REGD,PRAECO DEVCO,False,False,False
PRAECO FINCO PTY LTD,698205579,FINCO,19/05/2026,,True,REGD,PRAECO,False,False,False
SUPERNODE BESS 3 HOLDCO PTY LTD,698204974,HOLDCO,19/05/2026,,True,REGD,SUPERNODE BESS 3,False,False,False
TIG PYRMONT HOLDCO PTY LTD,698192639,HOLDCO,18/05/2026,,True,REGD,TIG PYRMONT,False,False,False
CTC&S HOLDCO PTY LTD,698184100,HOLDCO,18/05/2026,,True,REGD,CTC S,False,False,False
ARROW HOLDCO (VELO-1) PTY LTD,698164742,HOLDCO,18/05/2026,,True,REGD,ARROW VELO 1,False,False,False
ASIA LIVING WATTLE ST AUSTRALIA PTY LTD,698085906,,14/05/2026,,True,REGD,ASIA LIVING WATTLE ST,False,False,False
ASIA LIVING PROJECTS AUSTRALIA PTY LTD,698072918,,14/05/2026,,True,REGD,ASIA LIVING PROJECTS,False,False,False
ULTIMO UPPER HOLDCO PTY LTD,698069564,HOLDCO,14/05/2026,,True,REGD,ULTIMO UPPER,False,False,False
GREEK ST FINCO PTY LTD,698054741,FINCO,14/05/2026,,True,REGD,GREEK ST,False,False,False
ULTIMO FINCO PTY LTD,698052685,FINCO,14/05/2026,,True,REGD,ULTIMO,False,False,False
RENEWABLE PROJECT SERVICES HOLDCO PTY LTD,698030189,HOLDCO,13/05/2026,,True,REGD,RENEWABLE PROJECT SERVICES,False,False,False
NEXTDC M5 HOLDINGS MIDCO PTY LTD,697986477,MIDCO,12/05/2026,,True,REGD,NEXTDC M5,False,False,False
M BIDCO 2 PTY LTD,697957207,BIDCO,11/05/2026,,True,REGD,M 2,False,False,True
GOLDEN M TAHMOOR COAL HOLDINGS PTY LTD,697956791,,11/05/2026,,True,REGD,GOLDEN M TAHMOOR COAL,False,False,False
WATTLESTONE HOLDCO PTY LTD,697953487,HOLDCO,11/05/2026,,True,REGD,WATTLESTONE,False,False,False
SLTT TOPCO PTY LTD,697944906,TOPCO,11/05/2026,,True,REGD,SLTT,False,False,False
M BIDCO 2 HOLDINGS PTY LTD,697944406,BIDCO,11/05/2026,,True,REGD,M 2,False,False,True
M BIDCO 1 HOLDINGS PTY LTD,697944166,BIDCO,11/05/2026,,True,REGD,M 1,False,False,True
RJV BIDCO PTY LTD,697930948,BIDCO,11/05/2026,,True,REGD,RJV,False,False,True
RJV HOLDCO PTY LTD,697928055,HOLDCO,11/05/2026,,True,REGD,RJV,False,False,False
AETERNA SYSTEMS HOLDCO PTY LTD,697888574,HOLDCO,08/05/2026,,True,REGD,AETERNA SYSTEMS,False,False,False
TRE HOLDCO PTY LTD,697842854,HOLDCO,07/05/2026,,True,REGD,TRE,False,False,False
WALSHS HOLDCO PTY LTD,697835984,HOLDCO,07/05/2026,,True,REGD,WALSHS,False,False,False
TIG WATERLOO HOLDCO PTY LTD,697805360,HOLDCO,06/05/2026,,True,REGD,TIG WATERLOO,False,False,False
WEEKEND HUSTLER HOLDCO PTY LTD,697798360,HOLDCO,06/05/2026,,True,REGD,WEEKEND HUSTLER,False,False,False
RGC HAWTHORN FINCO PTY LTD,697792108,FINCO,06/05/2026,,True,REGD,RGC HAWTHORN,False,False,False
BWP HOLDCO PTY LTD,697776266,HOLDCO,05/05/2026,,True,REGD,BWP,False,False,False
THE REBATE MATES HOLDCO PTY LTD,697775018,HOLDCO,05/05/2026,,True,REGD,THE REBATE MATES,False,False,False
CURRAWONG HOLDCO LIMITED,697736762,HOLDCO,04/05/2026,,True,REGD,CURRAWONG,True,True,False
DWS HOLDCO PTY LTD,697723774,HOLDCO,04/05/2026,,True,REGD,DWS,False,False,False
COLLINS FINCO PTY LTD,697684423,FINCO,04/05/2026,,True,REGD,COLLINS,False,False,False
MCM HOLDCO PTY LTD,697677820,HOLDCO,01/05/2026,,True,REGD,MCM,False,False,False
RCBC CV HOLDCO PTY LTD,697676707,HOLDCO,01/05/2026,,True,REGD,RCBC CV,False,False,False
SKYSO HOLDCO PTY LTD,697670116,HOLDCO,01/05/2026,,True,REGD,SKYSO,False,False,False
BENDALONG HOLDCO PTY LTD,697668241,HOLDCO,01/05/2026,,True,REGD,BENDALONG,False,False,False
ELEVEN BIDCO AUS PTY LTD,697086810,BIDCO,01/05/2026,,True,REGD,ELEVEN,False,False,True
HNB MIDCO PTY LTD,697627231,MIDCO,30/04/2026,,True,REGD,HNB,False,False,False
TOTTENHAM FINCO PTY LTD,697623644,FINCO,30/04/2026,,True,REGD,TOTTENHAM,False,False,False
SYMPHONY FINCO PTY LTD,697623635,FINCO,30/04/2026,,True,REGD,SYMPHONY,False,False,False
ASIA LIVING GREEK ST AUSTRALIA PTY. LIMITED,697617486,,30/04/2026,,True,REGD,ASIA LIVING GREEK ST,False,False,False
ASIA LIVING ULTIMO AUSTRALIA PTY. LIMITED,697616943,,30/04/2026,,True,REGD,ASIA LIVING ULTIMO,False,False,False
FKA HOLDCO PTY LTD,697525554,HOLDCO,27/04/2026,,True,REGD,FKA,False,False,False
CURRAWONG BIDCO PTY LTD,697523578,BIDCO,27/04/2026,,True,REGD,CURRAWONG,True,True,True
VINOMOFO BIDCO PTY LTD,697519896,BIDCO,27/04/2026,,True,REGD,VINOMOFO,True,True,True
PACIFIC GREEN QUARTZ FINCO PTY LTD,697509050,FINCO,27/04/2026,,True,REGD,PACIFIC GREEN QUARTZ,False,False,False
LONGENICS MIDCO PTY LTD,697468901,MIDCO,24/04/2026,,True,REGD,LONGENICS,True,False,False
FANTASTIC GROUP BIDCO PTY LTD,697467100,BIDCO,24/04/2026,,True,REGD,FANTASTIC,True,True,True
FANTASTIC GROUP MIDCO PTY LTD,697466032,MIDCO,24/04/2026,,True,REGD,FANTASTIC,True,True,False
FANTASTIC GROUP HOLDCO PTY LTD,697465544,HOLDCO,24/04/2026,,True,REGD,FANTASTIC,True,True,False
LONGENICS HOLDCO PTY LTD,697464118,HOLDCO,24/04/2026,,True,REGD,LONGENICS,True,False,False
EPTEC INFRA HOLDCO PTY LTD,697459626,HOLDCO,24/04/2026,,True,REGD,EPTEC INFRA,True,False,False
EPTEC INFRA TOPCO PTY LTD,697459117,TOPCO,24/04/2026,,True,REGD,EPTEC INFRA,True,False,False
VINOMOFO HOLDCO PTY LTD,697455566,HOLDCO,24/04/2026,,True,REGD,VINOMOFO,True,True,False
ELLICH HOLDCO PTY LTD,697447840,HOLDCO,24/04/2026,,True,REGD,ELLICH,False,False,False
COSTGRID TECHNOLOGY BIDCO PTY LTD,697422236,BIDCO,23/04/2026,,True,REGD,COSTGRID TECHNOLOGY,True,True,True
COSTGRID TECHNOLOGY MIDCO PTY LTD,697421211,MIDCO,23/04/2026,,True,REGD,COSTGRID TECHNOLOGY,True,True,False
STOCKEDGE KEMPS CREEK PROPCO FINCO PTY LTD,697328340,FINCO,21/04/2026,,True,REGD,STOCKEDGE KEMPS CREEK PROPCO,False,False,False
PITT FINCO PTY LTD,697307369,FINCO,20/04/2026,,True,REGD,PITT,False,False,False
CDC SPV HOLDCO NO 7 PTY LTD,697303576,HOLDCO,20/04/2026,,True,REGD,CDC SPV,True,False,False
CDC SPV HOLDCO NO 6 PTY LTD,697303567,HOLDCO,20/04/2026,,True,REGD,CDC SPV,True,False,False
CDC SPV HOLDCO NO 5 PTY LTD,697303558,HOLDCO,20/04/2026,,True,REGD,CDC SPV,True,False,False
STRATUS HOLDCO PTY LTD,697245668,HOLDCO,17/04/2026,,True,REGD,STRATUS,False,False,False
FLATROCK BESS HOLDCO PTY LTD,697235617,HOLDCO,17/04/2026,,True,REGD,FLATROCK BESS,False,False,False
AUS BESS HOLDCO PTY LTD,697234307,HOLDCO,17/04/2026,,True,REGD,BESS,False,False,False
AUS GEN HOLDCO PTY LTD,697233891,HOLDCO,17/04/2026,,True,REGD,GEN,False,False,False
APOLLO AUSTRALIA BIDCO PTY LTD,697230096,BIDCO,17/04/2026,,True,REGD,APOLLO,True,True,True
APOLLO AUSTRALIA HOLDCO PTY LTD,697223484,HOLDCO,17/04/2026,,True,REGD,APOLLO,True,True,False
PROSPER FINCO SPV 1 PTY LTD,697211224,FINCO,17/04/2026,,True,REGD,PROSPER SPV 1,False,False,False
1 GOODFELLOWS ROAD KALLANGUR HOLDCO PTY LTD,697171725,HOLDCO,15/04/2026,,True,REGD,1 GOODFELLOWS ROAD KALLANGUR,False,False,False
15 ARMSTRONG STREET PETRIE HOLDCO PTY LTD,697171636,HOLDCO,15/04/2026,,True,REGD,15 ARMSTRONG STREET PETRIE,False,False,False
CDC SPV HOLDCO NO 4 PTY LTD,697170755,HOLDCO,15/04/2026,,True,REGD,CDC SPV,True,False,False
CDC SPV HOLDCO NO 3 PTY LTD,697170657,HOLDCO,15/04/2026,,True,REGD,CDC SPV,True,False,False
PRAHRAN HOLDCO PTY LTD,697131249,HOLDCO,14/04/2026,,True,REGD,PRAHRAN,False,False,False
MILTONISE INVESTMENTS HOLDCO PTY LTD,697118951,HOLDCO,14/04/2026,,True,REGD,MILTONISE INVESTMENTS,False,False,False
KEYSTONE EDUCATION BIDCO PTY LTD,697103772,BIDCO,14/04/2026,,True,REGD,KEYSTONE EDUCATION,False,False,True
AIRTRUNK SYD2 EXP HOLDCO PTY LIMITED,697086543,HOLDCO,13/04/2026,,True,REGD,AIRTRUNK SYD2 EXP,False,False,False
PAPILLON FINCO PTY LTD,697074445,FINCO,13/04/2026,,True,REGD,PAPILLON,False,False,False
QUARTERDECK HOLDCO PTY LTD,697070358,HOLDCO,13/04/2026,,True,REGD,QUARTERDECK,False,False,False
HTFS HOLDCO PTY LTD,696957132,HOLDCO,08/04/2026,,True,REGD,HTFS,False,False,False
PROJECT EVE HOLDCO PTY LTD,696935770,HOLDCO,08/04/2026,,True,REGD,PROJECT EVE,False,False,False
BROADMEADOWS FINCO PTY LTD,696933347,FINCO,08/04/2026,,True,REGD,BROADMEADOWS,False,False,False
GP ENERGY (KLG) FINCO PTY LTD,696123850,FINCO,08/04/2026,,True,REGD,GP ENERGY KLG,False,False,False
WISDOM BIDCO PTY LTD,696888730,BIDCO,07/04/2026,,True,REGD,WISDOM,True,True,True
WISDOM MIDCO PTY LTD,696888712,MIDCO,07/04/2026,,True,REGD,WISDOM,True,True,False
WISDOM HOLDCO PTY LTD,696888678,HOLDCO,07/04/2026,,True,REGD,WISDOM,True,True,False
WISDOM TOPCO PTY LTD,696888552,TOPCO,07/04/2026,,True,REGD,WISDOM,True,True,False
ANVIL AU HOLDCO PTY LTD,696812192,HOLDCO,02/04/2026,,True,REGD,ANVIL,False,False,False
STORAGE TECH HOLDCO PTY LTD,696761341,HOLDCO,01/04/2026,,True,REGD,STORAGE TECH,False,False,False
ICOP FINCO PTY LIMITED,696741590,FINCO,31/03/2026,,True,REGD,ICOP,False,False,False
AXIS HOLDCO PTY LTD,696717478,HOLDCO,31/03/2026,,True,REGD,AXIS,False,False,False
IRIDIUM HOLDCO PTY LTD,696716248,HOLDCO,30/03/2026,,True,REGD,IRIDIUM,False,False,False
SOF-13 OSCAR FINCO PTY LTD,696694532,FINCO,30/03/2026,,True,REGD,SOF 13 OSCAR,False,False,False
TRIMARK FINANCIAL HOLDCO PTY LTD,696683904,HOLDCO,30/03/2026,,True,REGD,TRIMARK FINANCIAL,False,False,False
BEY PROPERTY GROUP FINCO PTY LTD,696637500,FINCO,27/03/2026,,True,REGD,BEY PROPERTY,True,False,False
BEY PROPERTY GROUP HOLDCO PTY LTD,696626883,HOLDCO,27/03/2026,,True,REGD,BEY PROPERTY,True,False,False
STINGRAY BIDCO PTY LTD,696615737,BIDCO,27/03/2026,,True,REGD,STINGRAY,True,True,True
STINGRAY FINCO PTY LTD,696614472,FINCO,27/03/2026,,True,REGD,STINGRAY,True,True,False
STINGRAY HOLDCO PTY LTD,696614187,HOLDCO,27/03/2026,,True,REGD,STINGRAY,True,True,False
ARROW HOLDCO (NUTRIVERT) PTY LTD,696568242,HOLDCO,26/03/2026,,True,REGD,ARROW NUTRIVERT,False,False,False
TUGUN BUYER MIDCO PTY LTD,696537890,MIDCO,25/03/2026,,True,REGD,TUGUN BUYER,True,False,False
TUGUN BUYER HOLDCO PTY LTD,696515287,HOLDCO,24/03/2026,,True,REGD,TUGUN BUYER,True,False,False
ADVENT MANAGER HOLDCO AP4 PTY LTD,696447711,HOLDCO,23/03/2026,,True,REGD,ADVENT MANAGER AP4,False,False,False
CEN (I&L) INTERLINK FINCO PTY LTD,696372559,FINCO,19/03/2026,,True,REGD,CEN I L INTERLINK,False,False,False
UIRA AHO TOPCO PTY LTD,696360862,TOPCO,19/03/2026,,True,REGD,UIRA AHO,False,False,False
